hack,use,url
01 community answers,soc2 via reddit,"https://toupper.vercel.app/what/soc2?mode=buy&d=0,1&utm_source=reddit&utm_medium=community&utm_campaign=h01_answers"
01 community answers,soc2 via hackernews,"https://toupper.vercel.app/what/soc2?mode=buy&d=0,1&utm_source=hackernews&utm_medium=community&utm_campaign=h01_answers"
01 community answers,soc2 via indiehackers,"https://toupper.vercel.app/what/soc2?mode=buy&d=0,1&utm_source=indiehackers&utm_medium=community&utm_campaign=h01_answers"
01 community answers,soc2 via linkedin,"https://toupper.vercel.app/what/soc2?mode=buy&d=0,1&utm_source=linkedin&utm_medium=community&utm_campaign=h01_answers"
01 community answers,soc2 via slack_community,"https://toupper.vercel.app/what/soc2?mode=buy&d=0,1&utm_source=slack_community&utm_medium=community&utm_campaign=h01_answers"
01 community answers,sso via reddit,"https://toupper.vercel.app/what/sso?d=1,2&utm_source=reddit&utm_medium=community&utm_campaign=h01_answers"
01 community answers,sso via hackernews,"https://toupper.vercel.app/what/sso?d=1,2&utm_source=hackernews&utm_medium=community&utm_campaign=h01_answers"
01 community answers,sso via indiehackers,"https://toupper.vercel.app/what/sso?d=1,2&utm_source=indiehackers&utm_medium=community&utm_campaign=h01_answers"
01 community answers,sso via linkedin,"https://toupper.vercel.app/what/sso?d=1,2&utm_source=linkedin&utm_medium=community&utm_campaign=h01_answers"
01 community answers,sso via slack_community,"https://toupper.vercel.app/what/sso?d=1,2&utm_source=slack_community&utm_medium=community&utm_campaign=h01_answers"
01 community answers,scim via reddit,https://toupper.vercel.app/what/scim?mode=buy&d=0&utm_source=reddit&utm_medium=community&utm_campaign=h01_answers
01 community answers,scim via hackernews,https://toupper.vercel.app/what/scim?mode=buy&d=0&utm_source=hackernews&utm_medium=community&utm_campaign=h01_answers
01 community answers,scim via indiehackers,https://toupper.vercel.app/what/scim?mode=buy&d=0&utm_source=indiehackers&utm_medium=community&utm_campaign=h01_answers
01 community answers,scim via linkedin,https://toupper.vercel.app/what/scim?mode=buy&d=0&utm_source=linkedin&utm_medium=community&utm_campaign=h01_answers
01 community answers,scim via slack_community,https://toupper.vercel.app/what/scim?mode=buy&d=0&utm_source=slack_community&utm_medium=community&utm_campaign=h01_answers
01 community answers,audit-logs via reddit,"https://toupper.vercel.app/what/audit-logs?d=0,1&utm_source=reddit&utm_medium=community&utm_campaign=h01_answers"
01 community answers,audit-logs via hackernews,"https://toupper.vercel.app/what/audit-logs?d=0,1&utm_source=hackernews&utm_medium=community&utm_campaign=h01_answers"
01 community answers,audit-logs via indiehackers,"https://toupper.vercel.app/what/audit-logs?d=0,1&utm_source=indiehackers&utm_medium=community&utm_campaign=h01_answers"
01 community answers,audit-logs via linkedin,"https://toupper.vercel.app/what/audit-logs?d=0,1&utm_source=linkedin&utm_medium=community&utm_campaign=h01_answers"
01 community answers,audit-logs via slack_community,"https://toupper.vercel.app/what/audit-logs?d=0,1&utm_source=slack_community&utm_medium=community&utm_campaign=h01_answers"
01 community answers,usage-billing via reddit,"https://toupper.vercel.app/what/usage-billing?mode=buy&d=0,2&utm_source=reddit&utm_medium=community&utm_campaign=h01_answers"
01 community answers,usage-billing via hackernews,"https://toupper.vercel.app/what/usage-billing?mode=buy&d=0,2&utm_source=hackernews&utm_medium=community&utm_campaign=h01_answers"
01 community answers,usage-billing via indiehackers,"https://toupper.vercel.app/what/usage-billing?mode=buy&d=0,2&utm_source=indiehackers&utm_medium=community&utm_campaign=h01_answers"
01 community answers,usage-billing via linkedin,"https://toupper.vercel.app/what/usage-billing?mode=buy&d=0,2&utm_source=linkedin&utm_medium=community&utm_campaign=h01_answers"
01 community answers,usage-billing via slack_community,"https://toupper.vercel.app/what/usage-billing?mode=buy&d=0,2&utm_source=slack_community&utm_medium=community&utm_campaign=h01_answers"
01 community answers,ai-data-controls via reddit,https://toupper.vercel.app/what/ai-data-controls?d=0&utm_source=reddit&utm_medium=community&utm_campaign=h01_answers
01 community answers,ai-data-controls via hackernews,https://toupper.vercel.app/what/ai-data-controls?d=0&utm_source=hackernews&utm_medium=community&utm_campaign=h01_answers
01 community answers,ai-data-controls via indiehackers,https://toupper.vercel.app/what/ai-data-controls?d=0&utm_source=indiehackers&utm_medium=community&utm_campaign=h01_answers
01 community answers,ai-data-controls via linkedin,https://toupper.vercel.app/what/ai-data-controls?d=0&utm_source=linkedin&utm_medium=community&utm_campaign=h01_answers
01 community answers,ai-data-controls via slack_community,https://toupper.vercel.app/what/ai-data-controls?d=0&utm_source=slack_community&utm_medium=community&utm_campaign=h01_answers
01 community answers,guardrails via reddit,https://toupper.vercel.app/what/guardrails?d=0&utm_source=reddit&utm_medium=community&utm_campaign=h01_answers
01 community answers,guardrails via hackernews,https://toupper.vercel.app/what/guardrails?d=0&utm_source=hackernews&utm_medium=community&utm_campaign=h01_answers
01 community answers,guardrails via indiehackers,https://toupper.vercel.app/what/guardrails?d=0&utm_source=indiehackers&utm_medium=community&utm_campaign=h01_answers
01 community answers,guardrails via linkedin,https://toupper.vercel.app/what/guardrails?d=0&utm_source=linkedin&utm_medium=community&utm_campaign=h01_answers
01 community answers,guardrails via slack_community,https://toupper.vercel.app/what/guardrails?d=0&utm_source=slack_community&utm_medium=community&utm_campaign=h01_answers
01 community answers,single-tenant via reddit,https://toupper.vercel.app/what/single-tenant?d=0&utm_source=reddit&utm_medium=community&utm_campaign=h01_answers
01 community answers,single-tenant via hackernews,https://toupper.vercel.app/what/single-tenant?d=0&utm_source=hackernews&utm_medium=community&utm_campaign=h01_answers
01 community answers,single-tenant via indiehackers,https://toupper.vercel.app/what/single-tenant?d=0&utm_source=indiehackers&utm_medium=community&utm_campaign=h01_answers
01 community answers,single-tenant via linkedin,https://toupper.vercel.app/what/single-tenant?d=0&utm_source=linkedin&utm_medium=community&utm_campaign=h01_answers
01 community answers,single-tenant via slack_community,https://toupper.vercel.app/what/single-tenant?d=0&utm_source=slack_community&utm_medium=community&utm_campaign=h01_answers
02 job-post outreach,sso,https://toupper.vercel.app/what/sso?utm_source=email&utm_medium=outreach&utm_campaign=h02_jobposts
02 job-post outreach,scim,https://toupper.vercel.app/what/scim?utm_source=email&utm_medium=outreach&utm_campaign=h02_jobposts
02 job-post outreach,soc2,https://toupper.vercel.app/what/soc2?utm_source=email&utm_medium=outreach&utm_campaign=h02_jobposts
02 job-post outreach,security-questionnaire,https://toupper.vercel.app/what/security-questionnaire?utm_source=email&utm_medium=outreach&utm_campaign=h02_jobposts
02 job-post outreach,usage-billing,https://toupper.vercel.app/what/usage-billing?utm_source=email&utm_medium=outreach&utm_campaign=h02_jobposts
02 job-post outreach,ai-governance,https://toupper.vercel.app/what/ai-governance?utm_source=email&utm_medium=outreach&utm_campaign=h02_jobposts
02 job-post outreach,evals,https://toupper.vercel.app/what/evals?utm_source=email&utm_medium=outreach&utm_campaign=h02_jobposts
04 bench cards,cover post,https://toupper.vercel.app/?utm_source=linkedin&utm_medium=social&utm_campaign=h04_cards
04 bench cards,Sam L. Assertion,https://toupper.vercel.app/what/sso?utm_source=linkedin&utm_medium=social&utm_campaign=h04_cards
04 bench cards,Perry Mission,https://toupper.vercel.app/what/rbac?utm_source=linkedin&utm_medium=social&utm_campaign=h04_cards
04 bench cards,Bill Prorata,https://toupper.vercel.app/what/usage-billing?utm_source=linkedin&utm_medium=social&utm_campaign=h04_cards
04 bench cards,Sarah Baines-Oxley,https://toupper.vercel.app/what/soc2?utm_source=linkedin&utm_medium=social&utm_campaign=h04_cards
04 bench cards,Rick Assessment,https://toupper.vercel.app/what/gdpr-residency?utm_source=linkedin&utm_medium=social&utm_campaign=h04_cards
04 bench cards,Audrey Trail,https://toupper.vercel.app/what/audit-logs?utm_source=linkedin&utm_medium=social&utm_campaign=h04_cards
04 bench cards,Terry Form,https://toupper.vercel.app/what/single-tenant?utm_source=linkedin&utm_medium=social&utm_campaign=h04_cards
04 bench cards,Paige Nation,https://toupper.vercel.app/what/public-api?utm_source=linkedin&utm_medium=social&utm_campaign=h04_cards
04 bench cards,Eva Luation,https://toupper.vercel.app/what/evals?utm_source=linkedin&utm_medium=social&utm_campaign=h04_cards
04 bench cards,Nina Nines,https://toupper.vercel.app/what/sla?utm_source=linkedin&utm_medium=social&utm_campaign=h04_cards
05 estimate wars,soc2,https://toupper.vercel.app/what/soc2?utm_source=linkedin&utm_medium=social&utm_campaign=h05_estimates
05 estimate wars,sso,https://toupper.vercel.app/what/sso?utm_source=linkedin&utm_medium=social&utm_campaign=h05_estimates
05 estimate wars,single-tenant,https://toupper.vercel.app/what/single-tenant?utm_source=linkedin&utm_medium=social&utm_campaign=h05_estimates
05 estimate wars,usage-billing,https://toupper.vercel.app/what/usage-billing?utm_source=linkedin&utm_medium=social&utm_campaign=h05_estimates
05 estimate wars,evals,https://toupper.vercel.app/what/evals?utm_source=linkedin&utm_medium=social&utm_campaign=h05_estimates
05 estimate wars,rbac,https://toupper.vercel.app/what/rbac?utm_source=linkedin&utm_medium=social&utm_campaign=h05_estimates
06 you are listed,vendor share link (swap topic),https://toupper.vercel.app/what/soc2?mode=buy&utm_source=partner&utm_medium=co_marketing&utm_campaign=h06_listed
07 vc office hours,portfolio slack post,https://toupper.vercel.app/what?utm_source=vc_platform&utm_medium=community&utm_campaign=h07_officehours
08 questionnaire answers,ai-data-controls,https://toupper.vercel.app/what/ai-data-controls?utm_source=linkedin&utm_medium=content&utm_campaign=h08_questions
08 questionnaire answers,sso,https://toupper.vercel.app/what/sso?utm_source=linkedin&utm_medium=content&utm_campaign=h08_questions
08 questionnaire answers,audit-logs,https://toupper.vercel.app/what/audit-logs?utm_source=linkedin&utm_medium=content&utm_campaign=h08_questions
08 questionnaire answers,pentest,https://toupper.vercel.app/what/pentest?utm_source=linkedin&utm_medium=content&utm_campaign=h08_questions
08 questionnaire answers,gdpr-residency,https://toupper.vercel.app/what/gdpr-residency?utm_source=linkedin&utm_medium=content&utm_campaign=h08_questions
08 questionnaire answers,sla,https://toupper.vercel.app/what/sla?utm_source=linkedin&utm_medium=content&utm_campaign=h08_questions
08 questionnaire answers,soc2,https://toupper.vercel.app/what/soc2?utm_source=linkedin&utm_medium=content&utm_campaign=h08_questions
08 questionnaire answers,byok,https://toupper.vercel.app/what/byok?utm_source=linkedin&utm_medium=content&utm_campaign=h08_questions
08 questionnaire answers,guardrails,https://toupper.vercel.app/what/guardrails?utm_source=linkedin&utm_medium=content&utm_campaign=h08_questions
08 questionnaire answers,scim,https://toupper.vercel.app/what/scim?utm_source=linkedin&utm_medium=content&utm_campaign=h08_questions
09 show hn,post link,https://toupper.vercel.app/what?utm_source=hackernews&utm_medium=launch&utm_campaign=h09_launch
09 product hunt,listing link,https://toupper.vercel.app/?utm_source=producthunt&utm_medium=launch&utm_campaign=h09_launch
10 questionnaire rescue,offer post,https://toupper.vercel.app/what/security-questionnaire?utm_source=linkedin&utm_medium=social&utm_campaign=h10_rescue
11 open dataset,repo readme,https://toupper.vercel.app/what?utm_source=github&utm_medium=dataset&utm_campaign=h11_dataset
11 open dataset,launch post,https://toupper.vercel.app/what?utm_source=linkedin&utm_medium=social&utm_campaign=h11_dataset
12 security page template,credit link (in template),https://toupper.vercel.app/what?utm_source=security_page&utm_medium=template&utm_campaign=h12_template
12 security page template,launch post,https://toupper.vercel.app/what/security-questionnaire?utm_source=linkedin&utm_medium=social&utm_campaign=h12_template
13 buyer side,per-buyer link (replace <company>),https://toupper.vercel.app/what?utm_source=buyer_<company>&utm_medium=vendor_email&utm_campaign=h13_buyers
13 buyer side,tprm post,https://toupper.vercel.app/what?utm_source=linkedin&utm_medium=social&utm_campaign=h13_buyers
14 ae cheat sheet,pdf footer,https://toupper.vercel.app/what?utm_source=cheatsheet&utm_medium=pdf&utm_campaign=h14_cheatsheet
14 ae cheat sheet,linkedin document post,https://toupper.vercel.app/what?utm_source=linkedin&utm_medium=social&utm_campaign=h14_cheatsheet
14 ae cheat sheet,sales community,https://toupper.vercel.app/what?utm_source=sales_community&utm_medium=community&utm_campaign=h14_cheatsheet
15 first deal interviews,write-up links (replace <term> and <company>),https://toupper.vercel.app/what/<term>?utm_source=interview&utm_medium=content&utm_campaign=h15_interviews&utm_content=<company>
16 referral partners,partner link (replace <name>),https://toupper.vercel.app/what?utm_source=partner_<name>&utm_medium=referral&utm_campaign=h16_partners
16 referral partners,soc2 consultant link (replace <name>),https://toupper.vercel.app/what/soc2?utm_source=partner_<name>&utm_medium=referral&utm_campaign=h16_partners
17 podcast circuit,show notes (replace <show>),https://toupper.vercel.app/?utm_source=<show>&utm_medium=podcast&utm_campaign=h17_guest
17 podcast circuit,newsletter guest post (replace <newsletter>),https://toupper.vercel.app/what?utm_source=<newsletter>&utm_medium=newsletter&utm_campaign=h17_guest
18 conference stickers,agent stickers (one per topic),https://toupper.vercel.app/what/<topic>?utm_source=conference&utm_medium=sticker&utm_campaign=h18_stickers
18 conference stickers,general sticker,https://toupper.vercel.app/?utm_source=conference&utm_medium=sticker&utm_campaign=h18_stickers
18 conference stickers,post-event post,https://toupper.vercel.app/?utm_source=linkedin&utm_medium=social&utm_campaign=h18_stickers
19 enterprise ask report,report page,https://toupper.vercel.app/what?utm_source=report&utm_medium=content&utm_campaign=h19_report
19 enterprise ask report,press email,https://toupper.vercel.app/what?utm_source=press&utm_medium=email&utm_campaign=h19_report
20 email course,day 3 link,https://toupper.vercel.app/what/security-questionnaire?utm_source=course&utm_medium=email&utm_campaign=h20_course
20 email course,day 4 link,https://toupper.vercel.app/what/evals?utm_source=course&utm_medium=email&utm_campaign=h20_course
20 email course,day 5 link,https://toupper.vercel.app/what?utm_source=course&utm_medium=email&utm_campaign=h20_course
